{
  "version": "2019.2",
  "applications": [],
  "platforms": [
    {
      "name": "DMA_FILTER_2"
    }
  ],
  "systems": [
    {
      "name": "DMAFilt2App_system",
      "platform": "C:/FPGA/DMA_HLSFilter_2/wksp/DMA_FILTER_2/export/DMA_FILTER_2/DMA_FILTER_2.xpfm",
      "sysConfig": "DMA_FILTER_2",
      "applications": [
        {
          "name": "DMAFilt2App",
          "platform": "C:/FPGA/DMA_HLSFilter_2/wksp/DMA_FILTER_2/export/DMA_FILTER_2/DMA_FILTER_2.xpfm",
          "platformPath": "C:\\FPGA\\DMA_HLSFilter_2\\wksp\\DMA_FILTER_2\\export\\DMA_FILTER_2",
          "sysConfig": "DMA_FILTER_2",
          "domain": "standalone_domain",
          "system": "DMAFilt2App_system"
        }
      ],
      "platformPath": "C:\\FPGA\\DMA_HLSFilter_2\\wksp\\DMA_FILTER_2\\export\\DMA_FILTER_2"
    },
    {
      "name": "DMA_filt2_Profiling_system",
      "platform": "C:/FPGA/DMA_HLSFilter_2/wksp/DMA_FILTER_2/export/DMA_FILTER_2/DMA_FILTER_2.xpfm",
      "sysConfig": "DMA_FILTER_2",
      "applications": [
        {
          "name": "DMA_filt2_Profiling",
          "platform": "C:/FPGA/DMA_HLSFilter_2/wksp/DMA_FILTER_2/export/DMA_FILTER_2/DMA_FILTER_2.xpfm",
          "platformPath": "C:\\FPGA\\DMA_HLSFilter_2\\wksp\\DMA_FILTER_2\\export\\DMA_FILTER_2",
          "sysConfig": "DMA_FILTER_2",
          "domain": "standalone_domain",
          "system": "DMA_filt2_Profiling_system"
        }
      ],
      "platformPath": "C:\\FPGA\\DMA_HLSFilter_2\\wksp\\DMA_FILTER_2\\export\\DMA_FILTER_2"
    }
  ],
  "others": []
}